Bank,Bank Account,Checking Account,Credit Card,Customer Service,Data Breach,Debit Card,New Bank
bank_a,0.01548869503,0.006053053231,0.01126045932,0.01851522165,0.000133523233,0.01348584654,0.004495282179
bank_b,0.01305328112,0.007001305328,0.01024484791,0.01681104387,0.0004351093707,0.01831414897,0.00474664768
bank_c,0.008120133482,0.002669632925,0.01323692992,0.01001112347,0.0004449388209,0.004338153504,0.001334816463
bank_d,0.01111443594,0.002522122002,0.005685461463,0.004873252682,0.01072970547,0.006882400718,0.001025947933